{"engine_temp_c": 0.022743057299194968, "battery_v": 0.03192072573018537, "vibration": 0.007493227457100767, "speed_kmh": 0.009292450175110484, "temp_mean_16": 0.05059880409704475, "volt_mean_16": 0.09510748951247741, "vib_mean_16": 0.02283314481116675, "high_temp": 0.0011345261296960736, "low_volt": 0.0, "rush_hour": 0.0010247838469124094, "temp_mean_96": 0.10424442127725025, "volt_mean_96": 0.20292501383129552, "spd_mean_96": 0.31160979017251794, "vib_mean_96": 0.08496937154556435, "anomaly_score": 0.05410319411448307}